class_id,class_name,code,name,level,unit
cat01,調査項目 (金融業、保険業以外の業種),001,母集団(当期末),1,社
cat01,調査項目 (金融業、保険業以外の業種),002,現金・預金(当期末流動資産),1,百万円
cat01,調査項目 (金融業、保険業以外の業種),003,受取手形(当期末流動資産),1,百万円
cat01,調査項目 (金融業、保険業以外の業種),004,売掛金(当期末流動資産),1,百万円
cat01,調査項目 (金融業、保険業以外の業種),005,株式(当期末流動資産),1,百万円
cat01,調査項目 (金融業、保険業以外の業種),006,公社債(当期末流動資産),1,百万円
cat01,調査項目 (金融業、保険業以外の業種),007,その他の有価証券(当期末流動資産),1,百万円
cat01,調査項目 (金融業、保険業以外の業種),008,製品又は商品(当期末流動資産),1,百万円
cat01,調査項目 (金融業、保険業以外の業種),009,仕掛品(当期末流動資産),1,百万円
cat01,調査項目 (金融業、保険業以外の業種),010,原材料・貯蔵品(当期末流動資産),1,百万円
cat01,調査項目 (金融業、保険業以外の業種),011,その他流動資産(当期末流動資産),1,百万円
cat01,調査項目 (金融業、保険業以外の業種),012,土地(当期末固定資産),1,百万円
cat01,調査項目 (金融業、保険業以外の業種),013,建設仮勘定(当期末固定資産),1,百万円
cat01,調査項目 (金融業、保険業以外の業種),014,その他の有形固定資産(当期末固定資産),1,百万円
cat01,調査項目 (金融業、保険業以外の業種),015,ソフトウェアを除く無形固定資産(当期末固定資産),1,百万円
cat01,調査項目 (金融業、保険業以外の業種),016,ソフトウェア(当期末固定資産),1,百万円
cat01,調査項目 (金融業、保険業以外の業種),217,無形固定資産計(当期末固定資産),1,百万円
cat01,調査項目 (金融業、保険業以外の業種),017,株式(当期末固定資産),1,百万円
cat01,調査項目 (金融業、保険業以外の業種),018,公社債(当期末固定資産),1,百万円
cat01,調査項目 (金融業、保険業以外の業種),019,その他の有価証券(当期末固定資産),1,百万円
cat01,調査項目 (金融業、保険業以外の業種),020,その他投資(当期末固定資産),1,百万円
cat01,調査項目 (金融業、保険業以外の業種),021,繰延資産(当期末),1,百万円
cat01,調査項目 (金融業、保険業以外の業種),022,資産合計(当期末),1,百万円
cat01,調査項目 (金融業、保険業以外の業種),023,受取手形割引残高(当期末),1,百万円
cat01,調査項目 (金融業、保険業以外の業種),024,支払手形(当期末流動負債),1,百万円
cat01,調査項目 (金融業、保険業以外の業種),025,買掛金(当期末流動負債),1,百万円
cat01,調査項目 (金融業、保険業以外の業種),026,金融機関借入金(当期末流動負債),1,百万円
cat01,調査項目 (金融業、保険業以外の業種),027,その他の借入金(当期末流動負債),1,百万円
cat01,調査項目 (金融業、保険業以外の業種),028,引当金(当期末流動負債),1,百万円
cat01,調査項目 (金融業、保険業以外の業種),029,その他流動負債(当期末流動負債),1,百万円
cat01,調査項目 (金融業、保険業以外の業種),030,社債(当期末固定負債),1,百万円
cat01,調査項目 (金融業、保険業以外の業種),031,金融機関借入金(当期末固定負債),1,百万円
cat01,調査項目 (金融業、保険業以外の業種),032,その他の借入金(当期末固定負債),1,百万円
cat01,調査項目 (金融業、保険業以外の業種),033,引当金(当期末固定負債),1,百万円
cat01,調査項目 (金融業、保険業以外の業種),034,その他固定負債(当期末固定負債),1,百万円
cat01,調査項目 (金融業、保険業以外の業種),035,特別法上の準備金(当期末),1,百万円
cat01,調査項目 (金融業、保険業以外の業種),036,資本金(当期末),1,百万円
cat01,調査項目 (金融業、保険業以外の業種),037,資本準備金(当期末),1,百万円
cat01,調査項目 (金融業、保険業以外の業種),039,その他資本剰余金(当期末),1,百万円
cat01,調査項目 (金融業、保険業以外の業種),038,利益準備金(当期末),1,百万円
cat01,調査項目 (金融業、保険業以外の業種),040,積立金(当期末),1,百万円
cat01,調査項目 (金融業、保険業以外の業種),041,繰越利益剰余金(当期末),1,百万円
cat01,調査項目 (金融業、保険業以外の業種),219,自己株式(当期末),1,百万円
cat01,調査項目 (金融業、保険業以外の業種),218,その他(当期末),1,百万円
cat01,調査項目 (金融業、保険業以外の業種),234,新株予約権(当期末),1,百万円
cat01,調査項目 (金融業、保険業以外の業種),042,負債及び純資産合計(当期末),1,百万円
cat01,調査項目 (金融業、保険業以外の業種),043,関係会社売掛金(当期末),1,百万円
cat01,調査項目 (金融業、保険業以外の業種),044,関係会社買掛金(当期末),1,百万円
cat01,調査項目 (金融業、保険業以外の業種),045,売上高(当期末),1,百万円
cat01,調査項目 (金融業、保険業以外の業種),046,売上原価(当期末),1,百万円
cat01,調査項目 (金融業、保険業以外の業種),047,販売費及び一般管理費(当期末),1,百万円
cat01,調査項目 (金融業、保険業以外の業種),048,営業利益(当期末),1,百万円
cat01,調査項目 (金融業、保険業以外の業種),049,営業外収益(当期末),1,百万円
cat01,調査項目 (金融業、保険業以外の業種),050,営業外費用(当期末),1,百万円
cat01,調査項目 (金融業、保険業以外の業種),051,経常利益(当期末),1,百万円
cat01,調査項目 (金融業、保険業以外の業種),052,特別利益(当期末),1,百万円
cat01,調査項目 (金融業、保険業以外の業種),053,特別損失(当期末),1,百万円
cat01,調査項目 (金融業、保険業以外の業種),054,税引前当期純利益(当期末),1,百万円
cat01,調査項目 (金融業、保険業以外の業種),055,法人税、住民税及び事業税(当期末),1,百万円
cat01,調査項目 (金融業、保険業以外の業種),056,当期純利益(当期末),1,百万円
cat01,調査項目 (金融業、保険業以外の業種),220,法人税等調整額(当期末),1,百万円
cat01,調査項目 (金融業、保険業以外の業種),058,中間配当額(当期末),1,百万円
cat01,調査項目 (金融業、保険業以外の業種),059,配当金(当期末),1,百万円
cat01,調査項目 (金融業、保険業以外の業種),060,配当金計(当期末),1,百万円
cat01,調査項目 (金融業、保険業以外の業種),061,社内留保(当期末),1,百万円
cat01,調査項目 (金融業、保険業以外の業種),062,減価償却費(当期末),1,百万円
cat01,調査項目 (金融業、保険業以外の業種),063,特別減価償却費(当期末),1,百万円
cat01,調査項目 (金融業、保険業以外の業種),221,減価償却費計,1,百万円
cat01,調査項目 (金融業、保険業以外の業種),065,役員給与(当期末),1,百万円
cat01,調査項目 (金融業、保険業以外の業種),057,役員賞与(当期末),1,百万円
cat01,調査項目 (金融業、保険業以外の業種),066,従業員給与(当期末),1,百万円
cat01,調査項目 (金融業、保険業以外の業種),235,従業員賞与(当期末),1,百万円
cat01,調査項目 (金融業、保険業以外の業種),067,福利厚生費(当期末),1,百万円
cat01,調査項目 (金融業、保険業以外の業種),068,支払利息等(当期末),1,百万円
cat01,調査項目 (金融業、保険業以外の業種),069,動産・不動産賃借料(当期末),1,百万円
cat01,調査項目 (金融業、保険業以外の業種),070,租税公課(当期末),1,百万円
cat01,調査項目 (金融業、保険業以外の業種),071,期中平均役員数(当期末),1,人
cat01,調査項目 (金融業、保険業以外の業種),072,期中平均従業員数(当期末),1,人
cat01,調査項目 (金融業、保険業以外の業種),073,付加価値(当期末),1,百万円
cat01,調査項目 (金融業、保険業以外の業種),074,営業純益(当期末),1,百万円
cat01,調査項目 (金融業、保険業以外の業種),075,在庫投資(当期末投資),1,百万円
cat01,調査項目 (金融業、保険業以外の業種),076,製品又は商品(当期末資金需給),1,百万円
cat01,調査項目 (金融業、保険業以外の業種),077,仕掛品(当期末資金需給),1,百万円
cat01,調査項目 (金融業、保険業以外の業種),078,原材料・貯蔵品(当期末資金需給),1,百万円
cat01,調査項目 (金融業、保険業以外の業種),080,建設仮勘定(当期末資金需給),1,百万円
cat01,調査項目 (金融業、保険業以外の業種),081,その他の有形固定資産(当期末資金需給),1,百万円
cat01,調査項目 (金融業、保険業以外の業種),085,実物投資(当期末資金需給),1,百万円
cat01,調査項目 (金融業、保険業以外の業種),086,ソフトウェアを除く設備投資(当期末資金需給),1,百万円
cat01,調査項目 (金融業、保険業以外の業種),087,土地(当期末資金需給),1,百万円
cat01,調査項目 (金融業、保険業以外の業種),088,在庫投資(当期末資金需給),1,百万円
cat01,調査項目 (金融業、保険業以外の業種),089,投融資等(当期末資金需給),1,百万円
cat01,調査項目 (金融業、保険業以外の業種),090,株式(当期末資金需給),1,百万円
cat01,調査項目 (金融業、保険業以外の業種),091,公社債(当期末資金需給),1,百万円
cat01,調査項目 (金融業、保険業以外の業種),092,融資その他(当期末資金需給),1,百万円
cat01,調査項目 (金融業、保険業以外の業種),093,無形固定資産(当期末資金需給),1,百万円
cat01,調査項目 (金融業、保険業以外の業種),094,与信超、受信超(当期末資金需給),1,百万円
cat01,調査項目 (金融業、保険業以外の業種),095,当座資産(当期末資金需給),1,百万円
cat01,調査項目 (金融業、保険業以外の業種),096,現金・預金(当期末資金需給),1,百万円
cat01,調査項目 (金融業、保険業以外の業種),097,一時有価(当期末資金需給),1,百万円
cat01,調査項目 (金融業、保険業以外の業種),098,その他資産(当期末資金需給),1,百万円
cat01,調査項目 (金融業、保険業以外の業種),099,資金運用計(当期末資金需給),1,百万円
cat01,調査項目 (金融業、保険業以外の業種),100,自己資金(当期末資金需給),1,百万円
cat01,調査項目 (金融業、保険業以外の業種),101,資本金(当期末資金需給),1,百万円
cat01,調査項目 (金融業、保険業以外の業種),102,資本準備金(当期末資金需給),1,百万円
cat01,調査項目 (金融業、保険業以外の業種),103,利益留保(当期末資金需給),1,百万円
cat01,調査項目 (金融業、保険業以外の業種),104,引当金等(当期末資金需給),1,百万円
cat01,調査項目 (金融業、保険業以外の業種),105,特別法上の準備金(当期末資本需給),1,百万円
cat01,調査項目 (金融業、保険業以外の業種),106,社債(当期末資金需給),1,百万円
cat01,調査項目 (金融業、保険業以外の業種),107,長期借入金(当期末資金需給),1,百万円
cat01,調査項目 (金融業、保険業以外の業種),108,長期金融機関借入金(当期末資金需給),1,百万円
cat01,調査項目 (金融業、保険業以外の業種),109,長期その他借入金(当期末資金需給),1,百万円
cat01,調査項目 (金融業、保険業以外の業種),110,短期借入金(当期末資金需給),1,百万円
cat01,調査項目 (金融業、保険業以外の業種),111,短期金融機関借入金(当期末資金需給),1,百万円
cat01,調査項目 (金融業、保険業以外の業種),112,短期その他借入金(当期末資金需給),1,百万円
cat01,調査項目 (金融業、保険業以外の業種),113,その他負債(当期末資金需給),1,百万円
cat01,調査項目 (金融業、保険業以外の業種),114,売掛金(当期末資金需給),1,百万円
cat01,調査項目 (金融業、保険業以外の業種),115,受取手形(当期末資金需給),1,百万円
cat01,調査項目 (金融業、保険業以外の業種),116,受取手形割引残高(当期末資金需給),1,百万円
cat01,調査項目 (金融業、保険業以外の業種),117,買掛金(当期末資金需給),1,百万円
cat01,調査項目 (金融業、保険業以外の業種),118,支払手形(当期末資金需給),1,百万円
cat01,調査項目 (金融業、保険業以外の業種),222,その他の純資産(当期末資金需給),1,百万円
cat01,調査項目 (金融業、保険業以外の業種),223,自己株式(当期末資金需給),1,百万円
cat01,調査項目 (金融業、保険業以外の業種),240,新株予約権(当期末資金需給),1,百万円
cat01,調査項目 (金融業、保険業以外の業種),119,当座比率(当期末),1,％
cat01,調査項目 (金融業、保険業以外の業種),120,流動比率(当期末),1,％
cat01,調査項目 (金融業、保険業以外の業種),121,固定比率(当期末),1,％
cat01,調査項目 (金融業、保険業以外の業種),122,自己資本比率(当期末),1,％
cat01,調査項目 (金融業、保険業以外の業種),123,総資本営業利益率(当期末),1,％
cat01,調査項目 (金融業、保険業以外の業種),124,総資本経常利益率(当期末),1,％
cat01,調査項目 (金融業、保険業以外の業種),125,自己資本経常利益率(当期末),1,％
cat01,調査項目 (金融業、保険業以外の業種),126,売上高営業利益率(当期末),1,％
cat01,調査項目 (金融業、保険業以外の業種),127,売上高経常利益率(当期末),1,％
cat01,調査項目 (金融業、保険業以外の業種),128,総資本回転率(当期末),1,回
cat01,調査項目 (金融業、保険業以外の業種),129,有形固定資産回転率(当期末),1,回
cat01,調査項目 (金融業、保険業以外の業種),130,棚卸資産回転期間(当期末),1,月
cat01,調査項目 (金融業、保険業以外の業種),131,売上債権回転期間(当期末),1,月
cat01,調査項目 (金融業、保険業以外の業種),132,買入債務回転期間(当期末),1,月
cat01,調査項目 (金融業、保険業以外の業種),133,信用供与率(当期末),1,％
cat01,調査項目 (金融業、保険業以外の業種),134,手元流動性(当期末),1,％
cat01,調査項目 (金融業、保険業以外の業種),135,借入金利子率(当期末),1,％
cat01,調査項目 (金融業、保険業以外の業種),136,減価償却率(当期末),1,％
cat01,調査項目 (金融業、保険業以外の業種),137,配当率(当期末),1,％
cat01,調査項目 (金融業、保険業以外の業種),138,配当性向(当期末),1,％
cat01,調査項目 (金融業、保険業以外の業種),139,内部留保率_Ｈ１８年度以前(当期末),1,％
cat01,調査項目 (金融業、保険業以外の業種),241,内部留保率_Ｈ１９年度以降(当期末),1,％
cat01,調査項目 (金融業、保険業以外の業種),140,付加価値率(当期末),1,％
cat01,調査項目 (金融業、保険業以外の業種),141,従業員一人当付加価値(当期末),1,万円
cat01,調査項目 (金融業、保険業以外の業種),142,労働装備率(当期末),1,万円
cat01,調査項目 (金融業、保険業以外の業種),143,設備投資効率(当期末),1,％
cat01,調査項目 (金融業、保険業以外の業種),144,流動資産(当期末),1,百万円
cat01,調査項目 (金融業、保険業以外の業種),145,有価証券(当期末),1,百万円
cat01,調査項目 (金融業、保険業以外の業種),146,棚卸資産(当期末),1,百万円
cat01,調査項目 (金融業、保険業以外の業種),147,固定資産(当期末),1,百万円
cat01,調査項目 (金融業、保険業以外の業種),148,有形固定資産(当期末),1,百万円
cat01,調査項目 (金融業、保険業以外の業種),149,無形固定資産(当期末),1,百万円
cat01,調査項目 (金融業、保険業以外の業種),150,投資その他の資産(当期末),1,百万円
cat01,調査項目 (金融業、保険業以外の業種),151,投資有価証券(当期末),1,百万円
cat01,調査項目 (金融業、保険業以外の業種),152,流動負債(当期末),1,百万円
cat01,調査項目 (金融業、保険業以外の業種),153,短期借入金(当期末),1,百万円
cat01,調査項目 (金融業、保険業以外の業種),154,固定負債(当期末),1,百万円
cat01,調査項目 (金融業、保険業以外の業種),155,長期借入金(当期末),1,百万円
cat01,調査項目 (金融業、保険業以外の業種),224,負債(当期末),1,百万円
cat01,調査項目 (金融業、保険業以外の業種),157,純資産(当期末),1,百万円
cat01,調査項目 (金融業、保険業以外の業種),225,資本剰余金(当期末),1,百万円
cat01,調査項目 (金融業、保険業以外の業種),226,利益剰余金(当期末),1,百万円
cat01,調査項目 (金融業、保険業以外の業種),237,株主資本(当期末),1,百万円
cat01,調査項目 (金融業、保険業以外の業種),239,その他利益剰余金(当期末),1,百万円
cat01,調査項目 (金融業、保険業以外の業種),159,現金・預金(前期末流動資産),1,百万円
cat01,調査項目 (金融業、保険業以外の業種),160,受取手形(前期末流動資産),1,百万円
cat01,調査項目 (金融業、保険業以外の業種),161,売掛金(前期末流動資産),1,百万円
cat01,調査項目 (金融業、保険業以外の業種),162,株式(前期末流動資産),1,百万円
cat01,調査項目 (金融業、保険業以外の業種),163,公社債(前期末流動資産),1,百万円
cat01,調査項目 (金融業、保険業以外の業種),164,その他の有価証券(前期末流動資産),1,百万円
cat01,調査項目 (金融業、保険業以外の業種),165,製品又は商品(前期末流動資産),1,百万円
cat01,調査項目 (金融業、保険業以外の業種),166,仕掛品(前期末流動資産),1,百万円
cat01,調査項目 (金融業、保険業以外の業種),167,原材料・貯蔵品(前期末流動資産),1,百万円
cat01,調査項目 (金融業、保険業以外の業種),168,その他流動資産(前期末流動資産),1,百万円
cat01,調査項目 (金融業、保険業以外の業種),169,土地(前期末固定資産),1,百万円
cat01,調査項目 (金融業、保険業以外の業種),170,建設仮勘定(前期末固定資産),1,百万円
cat01,調査項目 (金融業、保険業以外の業種),171,その他の有形固定資産(前期末固定資産),1,百万円
cat01,調査項目 (金融業、保険業以外の業種),172,ソフトウェアを除く無形固定資産(前期末固定資産),1,百万円
cat01,調査項目 (金融業、保険業以外の業種),173,ソフトウェア(前期末固定資産),1,百万円
cat01,調査項目 (金融業、保険業以外の業種),227,無形固定資産計(前期末固定資産),1,百万円
cat01,調査項目 (金融業、保険業以外の業種),174,株式(前期末固定資産),1,百万円
cat01,調査項目 (金融業、保険業以外の業種),175,公社債(前期末固定資産),1,百万円
cat01,調査項目 (金融業、保険業以外の業種),176,その他の有価証券(前期末固定資産),1,百万円
cat01,調査項目 (金融業、保険業以外の業種),177,その他投資(前期末固定資産),1,百万円
cat01,調査項目 (金融業、保険業以外の業種),178,繰延資産(前期末),1,百万円
cat01,調査項目 (金融業、保険業以外の業種),179,資産合計(前期末),1,百万円
cat01,調査項目 (金融業、保険業以外の業種),180,受取手形割引残高(前期末),1,百万円
cat01,調査項目 (金融業、保険業以外の業種),181,支払手形(前期末流動負債),1,百万円
cat01,調査項目 (金融業、保険業以外の業種),182,買掛金(前期末流動負債),1,百万円
cat01,調査項目 (金融業、保険業以外の業種),183,金融機関借入金(前期末流動負債),1,百万円
cat01,調査項目 (金融業、保険業以外の業種),184,その他の借入金(前期末流動負債),1,百万円
cat01,調査項目 (金融業、保険業以外の業種),185,引当金(前期末流動負債),1,百万円
cat01,調査項目 (金融業、保険業以外の業種),186,その他流動負債(前期末流動負債),1,百万円
cat01,調査項目 (金融業、保険業以外の業種),187,社債(前期末固定負債),1,百万円
cat01,調査項目 (金融業、保険業以外の業種),188,金融機関借入金(前期末固定負債),1,百万円
cat01,調査項目 (金融業、保険業以外の業種),189,その他の借入金(前期末固定負債),1,百万円
cat01,調査項目 (金融業、保険業以外の業種),190,引当金(前期末固定負債),1,百万円
cat01,調査項目 (金融業、保険業以外の業種),191,その他固定負債(前期末固定負債),1,百万円
cat01,調査項目 (金融業、保険業以外の業種),192,特別法上の準備金(前期末),1,百万円
cat01,調査項目 (金融業、保険業以外の業種),193,資本金(前期末),1,百万円
cat01,調査項目 (金融業、保険業以外の業種),194,資本準備金(前期末),1,百万円
cat01,調査項目 (金融業、保険業以外の業種),196,その他資本剰余金(前期末),1,百万円
cat01,調査項目 (金融業、保険業以外の業種),195,利益準備金(前期末),1,百万円
cat01,調査項目 (金融業、保険業以外の業種),197,積立金(前期末),1,百万円
cat01,調査項目 (金融業、保険業以外の業種),198,繰越利益剰余金(前期末),1,百万円
cat01,調査項目 (金融業、保険業以外の業種),229,自己株式(前期末),1,百万円
cat01,調査項目 (金融業、保険業以外の業種),228,その他(前期末),1,百万円
cat01,調査項目 (金融業、保険業以外の業種),233,新株予約権(前期末),1,百万円
cat01,調査項目 (金融業、保険業以外の業種),199,負債及び純資産合計(前期末),1,百万円
cat01,調査項目 (金融業、保険業以外の業種),200,関係会社売掛金(前期末),1,百万円
cat01,調査項目 (金融業、保険業以外の業種),201,関係会社買掛金(前期末),1,百万円
cat01,調査項目 (金融業、保険業以外の業種),202,流動資産(前期末),1,百万円
cat01,調査項目 (金融業、保険業以外の業種),203,有価証券(前期末),1,百万円
cat01,調査項目 (金融業、保険業以外の業種),204,棚卸資産(前期末),1,百万円
cat01,調査項目 (金融業、保険業以外の業種),205,固定資産(前期末),1,百万円
cat01,調査項目 (金融業、保険業以外の業種),206,有形固定資産(前期末),1,百万円
cat01,調査項目 (金融業、保険業以外の業種),207,無形固定資産(前期末),1,百万円
cat01,調査項目 (金融業、保険業以外の業種),208,投資その他の資産(前期末),1,百万円
cat01,調査項目 (金融業、保険業以外の業種),209,投資有価証券(前期末),1,百万円
cat01,調査項目 (金融業、保険業以外の業種),210,流動負債(前期末),1,百万円
cat01,調査項目 (金融業、保険業以外の業種),211,短期借入金(前期末),1,百万円
cat01,調査項目 (金融業、保険業以外の業種),212,固定負債(前期末),1,百万円
cat01,調査項目 (金融業、保険業以外の業種),213,長期借入金(前期末),1,百万円
cat01,調査項目 (金融業、保険業以外の業種),230,負債(前期末),1,百万円
cat01,調査項目 (金融業、保険業以外の業種),215,純資産(前期末),1,百万円
cat01,調査項目 (金融業、保険業以外の業種),231,資本剰余金(前期末),1,百万円
cat01,調査項目 (金融業、保険業以外の業種),232,利益剰余金(前期末),1,百万円
cat01,調査項目 (金融業、保険業以外の業種),236,株主資本(前期末),1,百万円
cat01,調査項目 (金融業、保険業以外の業種),238,その他利益剰余金(前期末),1,百万円
cat02,業種 (金融業、保険業以外の業種),104,全産業（除く金融保険業）,1,
cat02,業種 (金融業、保険業以外の業種),108,製造業,1,
cat02,業種 (金融業、保険業以外の業種),109,食料品製造業,1,
cat02,業種 (金融業、保険業以外の業種),110,繊維工業,1,
cat02,業種 (金融業、保険業以外の業種),163,繊維工業(H20年度まで),1,
cat02,業種 (金融業、保険業以外の業種),111,衣服・その他の繊維製品製造業(H20年度まで),1,
cat02,業種 (金融業、保険業以外の業種),112,木材・木製品製造業,1,
cat02,業種 (金融業、保険業以外の業種),113,パルプ・紙・紙加工品製造業,1,
cat02,業種 (金融業、保険業以外の業種),114,印刷・同関連業,1,
cat02,業種 (金融業、保険業以外の業種),115,化学工業,1,
cat02,業種 (金融業、保険業以外の業種),116,石油製品・石炭製品製造業,1,
cat02,業種 (金融業、保険業以外の業種),117,窯業・土石製品製造業,1,
cat02,業種 (金融業、保険業以外の業種),118,鉄鋼業,1,
cat02,業種 (金融業、保険業以外の業種),119,非鉄金属製造業,1,
cat02,業種 (金融業、保険業以外の業種),120,金属製品製造業,1,
cat02,業種 (金融業、保険業以外の業種),154,はん用機械器具製造業,1,
cat02,業種 (金融業、保険業以外の業種),121,生産用機械器具製造業,1,
cat02,業種 (金融業、保険業以外の業種),124,業務用機械器具製造業,1,
cat02,業種 (金融業、保険業以外の業種),122,電気機械器具製造業,1,
cat02,業種 (金融業、保険業以外の業種),145,情報通信機械器具製造業,1,
cat02,業種 (金融業、保険業以外の業種),146,輸送用機械器具製造業(集約),1,
cat02,業種 (金融業、保険業以外の業種),123,自動車・同附属品製造業,1,
cat02,業種 (金融業、保険業以外の業種),125,その他の輸送用機械器具製造業,1,
cat02,業種 (金融業、保険業以外の業種),126,その他の製造業,1,
cat02,業種 (金融業、保険業以外の業種),144,非製造業,1,
cat02,業種 (金融業、保険業以外の業種),105,農林水産業(集約),1,
cat02,業種 (金融業、保険業以外の業種),101,農業、林業,1,
cat02,業種 (金融業、保険業以外の業種),162,農業(H20年度まで),1,
cat02,業種 (金融業、保険業以外の業種),102,林業(H20年度まで),1,
cat02,業種 (金融業、保険業以外の業種),103,漁業,1,
cat02,業種 (金融業、保険業以外の業種),106,鉱業、採石業、砂利採取業,1,
cat02,業種 (金融業、保険業以外の業種),107,建設業,1,
cat02,業種 (金融業、保険業以外の業種),135,電気業,1,
cat02,業種 (金融業、保険業以外の業種),136,ガス・熱供給・水道業,1,
cat02,業種 (金融業、保険業以外の業種),142,情報通信業,1,
cat02,業種 (金融業、保険業以外の業種),134,運輸業、郵便業(集約),1,
cat02,業種 (金融業、保険業以外の業種),131,陸運業,1,
cat02,業種 (金融業、保険業以外の業種),132,水運業,1,
cat02,業種 (金融業、保険業以外の業種),133,その他の運輸業,1,
cat02,業種 (金融業、保険業以外の業種),129,卸売業・小売業(集約),1,
cat02,業種 (金融業、保険業以外の業種),127,卸売業,1,
cat02,業種 (金融業、保険業以外の業種),128,小売業,1,
cat02,業種 (金融業、保険業以外の業種),155,不動産業、物品賃貸業(集約),1,
cat02,業種 (金融業、保険業以外の業種),130,不動産業,1,
cat02,業種 (金融業、保険業以外の業種),149,物品賃貸業(集約),1,
cat02,業種 (金融業、保険業以外の業種),150,リース業,1,
cat02,業種 (金融業、保険業以外の業種),151,その他の物品賃貸業,1,
cat02,業種 (金融業、保険業以外の業種),137,サービス業(集約),1,
cat02,業種 (金融業、保険業以外の業種),156,宿泊業、飲食サービス業(集約),1,
cat02,業種 (金融業、保険業以外の業種),139,宿泊業,1,
cat02,業種 (金融業、保険業以外の業種),148,飲食サービス業,1,
cat02,業種 (金融業、保険業以外の業種),157,生活関連サービス業、娯楽業(集約),1,
cat02,業種 (金融業、保険業以外の業種),140,生活関連サービス業,1,
cat02,業種 (金融業、保険業以外の業種),141,娯楽業,1,
cat02,業種 (金融業、保険業以外の業種),161,学術研究、専門・技術サービス業(集約),1,
cat02,業種 (金融業、保険業以外の業種),138,広告業,1,
cat02,業種 (金融業、保険業以外の業種),158,純粋持株会社,1,
cat02,業種 (金融業、保険業以外の業種),159,その他の学術研究、専門・技術サービス業,1,
cat02,業種 (金融業、保険業以外の業種),153,教育、学習支援業,1,
cat02,業種 (金融業、保険業以外の業種),152,医療、福祉業,1,
cat02,業種 (金融業、保険業以外の業種),160,職業紹介・労働者派遣業,1,
cat02,業種 (金融業、保険業以外の業種),143,その他のサービス業,1,
cat03,規模 (金融業、保険業以外の業種),26,全規模,1,
cat03,規模 (金融業、保険業以外の業種),25,10億円以上,1,
cat03,規模 (金融業、保険業以外の業種),24,1億円以上 - 10億円未満,1,
cat03,規模 (金融業、保険業以外の業種),21,5千万円以上 - 1億円未満,1,
cat03,規模 (金融業、保険業以外の業種),19,1千万円以上 - 1億円未満,1,
cat03,規模 (金融業、保険業以外の業種),18,1千万円以上 - 5千万円未満,1,
cat03,規模 (金融業、保険業以外の業種),16,1千万円未満,1,
cat03,規模 (金融業、保険業以外の業種),23,1億円以上,1,
cat03,規模 (金融業、保険業以外の業種),22,1億円未満,1,
cat03,規模 (金融業、保険業以外の業種),20,2千万円以上 - 5千万円未満,1,
cat03,規模 (金融業、保険業以外の業種),17,1千万円以上 - 2千万円未満,1,
cat03,規模 (金融業、保険業以外の業種),15,5百万円以上 - 1千万円未満,1,
cat03,規模 (金融業、保険業以外の業種),14,3百万円以上 - 5百万円未満,1,
cat03,規模 (金融業、保険業以外の業種),13,2百万円以上 - 5百万円未満,1,
cat03,規模 (金融業、保険業以外の業種),12,2百万円以上 - 3百万円未満,1,
cat03,規模 (金融業、保険業以外の業種),11,2百万円未満,1,
time,年  期,19600,1960年度,1,
time,年  期,19610,1961年度,1,
time,年  期,19620,1962年度,1,
time,年  期,19630,1963年度,1,
time,年  期,19640,1964年度,1,
time,年  期,19650,1965年度,1,
time,年  期,19660,1966年度,1,
time,年  期,19670,1967年度,1,
time,年  期,19680,1968年度,1,
time,年  期,19690,1969年度,1,
time,年  期,19700,1970年度,1,
time,年  期,19710,1971年度,1,
time,年  期,19720,1972年度,1,
time,年  期,19730,1973年度,1,
time,年  期,19740,1974年度,1,
time,年  期,19750,1975年度,1,
time,年  期,19760,1976年度,1,
time,年  期,19770,1977年度,1,
time,年  期,19780,1978年度,1,
time,年  期,19790,1979年度,1,
time,年  期,19800,1980年度,1,
time,年  期,19810,1981年度,1,
time,年  期,19820,1982年度,1,
time,年  期,19830,1983年度,1,
time,年  期,19840,1984年度,1,
time,年  期,19850,1985年度,1,
time,年  期,19860,1986年度,1,
time,年  期,19870,1987年度,1,
time,年  期,19880,1988年度,1,
time,年  期,19890,1989年度,1,
time,年  期,19900,1990年度,1,
time,年  期,19910,1991年度,1,
time,年  期,19920,1992年度,1,
time,年  期,19930,1993年度,1,
time,年  期,19940,1994年度,1,
time,年  期,19950,1995年度,1,
time,年  期,19960,1996年度,1,
time,年  期,19970,1997年度,1,
time,年  期,19980,1998年度,1,
time,年  期,19990,1999年度,1,
time,年  期,20000,2000年度,1,
time,年  期,20010,2001年度,1,
time,年  期,20020,2002年度,1,
time,年  期,20030,2003年度,1,
time,年  期,20040,2004年度,1,
time,年  期,20050,2005年度,1,
time,年  期,20060,2006年度,1,
time,年  期,20070,2007年度,1,
time,年  期,20080,2008年度,1,
time,年  期,20090,2009年度,1,
time,年  期,20100,2010年度,1,
time,年  期,20110,2011年度,1,
time,年  期,20120,2012年度,1,
time,年  期,20130,2013年度,1,
time,年  期,20140,2014年度,1,
time,年  期,20150,2015年度,1,
time,年  期,20160,2016年度,1,
time,年  期,20170,2017年度,1,
time,年  期,20180,2018年度,1,
time,年  期,20190,2019年度,1,
time,年  期,20200,2020年度,1,
time,年  期,20210,2021年度,1,
time,年  期,20220,2022年度,1,
time,年  期,20230,2023年度,1,
time,年  期,20240,2024年度,1,
time,年  期,20250,2025年度,1,
